"*Required Fields",,,"# Either Primary Email or Primary Phone required ",,,"Data entered should be exactly in the format as in the Portal",,,,,,
,,,,,,"Contact",,,,"Lead Lawyer",,
"Matter Id","Matter Name*","Status","Matter Category Litigation/Non-litigation","Matter type*","Matter inception date*","First Name*","Last Name","Email #","Phone #","Lead Lawyer First Name","Lead Lawyer Last Name","Plaintiff / Defendant"
,"Prakash Vs jiya",,"Non-Litigation","Wills","30/08/11","pslivia1",,,12356432,"Carey","Dalthorp",
,,,"Non-litigation","Wills","31/08/11",,,,12356433,"Carey","Dalthorp",
,"Test from Upload success130",,"Non-litigation",,"01/09/11","pslivia3",,,12356434,"Carey","Dalthorp",
,"Test from Upload success126",,"Non-litigation","Wills","02/09/11","pslivia41",,,12356435,"Carey","Dalthorp",
,"Test from Upload success127",,"Non-litigation","Wills","03/09/11",,,,12356436,"Carey","Dalthorp",
,"Test from Upload success128",,"litigation","Wills","04/09/11","pslivia61",,,,"Carey","Dalthorp",
,"Test from Upload success129",,"Non-litigation","Wills",,"pslivia71",,,12356438,"Carey","Dalthorp",
